Date,Open,High,Low,Close,Volume,Dividends,Stock Splits
2024-01-01 00:00:00+05:30,642.2000122070312,646.9000244140625,638.0,641.3499755859375,8295548,0.0,0.0
2024-01-02 00:00:00+05:30,641.3499755859375,648.0,633.8499755859375,639.4500122070312,15164482,0.0,0.0
2024-01-03 00:00:00+05:30,639.3499755859375,648.0,635.7999877929688,643.4500122070312,14571772,0.0,0.0
2024-01-04 00:00:00+05:30,642.5,646.4000244140625,638.6500244140625,642.75,13883388,0.0,0.0
2024-01-05 00:00:00+05:30,645.0,651.75,637.75,641.9500122070312,15984585,0.0,0.0
2024-01-08 00:00:00+05:30,640.0,645.0,625.0499877929688,627.0,14739531,0.0,0.0
2024-01-09 00:00:00+05:30,632.0,634.3499755859375,624.5,625.4000244140625,13400235,0.0,0.0
2024-01-10 00:00:00+05:30,624.7999877929688,625.2999877929688,618.2000122070312,621.75,12742464,0.0,0.0
2024-01-11 00:00:00+05:30,626.0,627.1500244140625,618.5,620.2000122070312,15533860,0.0,0.0
2024-01-12 00:00:00+05:30,623.7999877929688,636.5,621.0999755859375,633.5999755859375,16620797,0.0,0.0
2024-01-15 00:00:00+05:30,638.9000244140625,645.5,636.0999755859375,640.0999755859375,16844018,0.0,0.0
2024-01-16 00:00:00+05:30,640.0,644.9000244140625,633.4500122070312,636.9000244140625,15025543,0.0,0.0
2024-01-17 00:00:00+05:30,624.0,636.7999877929688,623.0,626.0,30016308,0.0,0.0
2024-01-18 00:00:00+05:30,625.7999877929688,633.4500122070312,619.0499877929688,628.2999877929688,14695436,0.0,0.0
2024-01-19 00:00:00+05:30,633.0,635.5,624.7000122070312,627.75,11675202,0.0,0.0
2024-01-23 00:00:00+05:30,627.0,634.9000244140625,600.6500244140625,605.0999755859375,30954343,0.0,0.0
2024-01-24 00:00:00+05:30,609.9500122070312,622.3499755859375,603.0999755859375,618.2999877929688,19221835,0.0,0.0
2024-01-25 00:00:00+05:30,618.5,623.7999877929688,606.25,612.75,22684904,0.0,0.0
2024-01-29 00:00:00+05:30,619.0,629.5,615.5999755859375,622.9500122070312,19572140,0.0,0.0
2024-01-30 00:00:00+05:30,625.4500122070312,633.5,624.2000122070312,626.75,16966577,0.0,0.0
2024-01-31 00:00:00+05:30,626.4000244140625,643.2000122070312,622.0,640.5,23270745,0.0,0.0
2024-02-01 00:00:00+05:30,642.75,652.9500122070312,633.25,647.6500244140625,26587707,0.0,0.0
2024-02-02 00:00:00+05:30,652.0,660.5499877929688,646.7000122070312,649.6500244140625,27471811,0.0,0.0
2024-02-05 00:00:00+05:30,647.0999755859375,654.7999877929688,638.75,642.9500122070312,28339525,0.0,0.0
2024-02-06 00:00:00+05:30,644.4500122070312,655.0,637.7000122070312,650.25,14079390,0.0,0.0
2024-02-07 00:00:00+05:30,655.0499877929688,677.9500122070312,655.0,675.25,41696232,0.0,0.0
2024-02-08 00:00:00+05:30,680.4000244140625,718.9000244140625,678.5,699.5499877929688,74222434,0.0,0.0
2024-02-09 00:00:00+05:30,703.6500244140625,728.3499755859375,694.2000122070312,725.25,43235061,0.0,0.0
2024-02-12 00:00:00+05:30,726.0,726.0,704.5,707.9000244140625,22873137,0.0,0.0
2024-02-13 00:00:00+05:30,708.5499877929688,718.0,702.1500244140625,713.4500122070312,23351472,0.0,0.0
2024-02-14 00:00:00+05:30,705.5499877929688,748.5,705.5499877929688,743.4000244140625,36782182,0.0,0.0
2024-02-15 00:00:00+05:30,747.7000122070312,764.0,741.6500244140625,761.7000122070312,33941282,0.0,0.0
2024-02-16 00:00:00+05:30,763.4500122070312,774.5999755859375,753.3499755859375,754.7000122070312,27365121,0.0,0.0
2024-02-19 00:00:00+05:30,758.7000122070312,765.0,750.0,759.25,13979584,0.0,0.0
2024-02-20 00:00:00+05:30,759.0499877929688,763.5,754.0,760.0999755859375,12528399,0.0,0.0
2024-02-21 00:00:00+05:30,760.6500244140625,777.5,759.5999755859375,771.5,21465311,0.0,0.0
2024-02-22 00:00:00+05:30,773.0,773.0,757.0,765.9000244140625,18799244,0.0,0.0
2024-02-23 00:00:00+05:30,765.9000244140625,770.5,755.0,759.0499877929688,14143636,0.0,0.0
2024-02-26 00:00:00+05:30,755.0,766.3499755859375,752.7000122070312,758.9000244140625,11355186,0.0,0.0
2024-02-27 00:00:00+05:30,758.9000244140625,762.3499755859375,742.2000122070312,749.8499755859375,13969393,0.0,0.0
2024-02-28 00:00:00+05:30,749.8499755859375,756.75,741.0,742.5,11263318,0.0,0.0
2024-02-29 00:00:00+05:30,743.9000244140625,753.9000244140625,737.1500244140625,748.0999755859375,19217113,0.0,0.0
2024-03-01 00:00:00+05:30,752.0,772.0,751.9500122070312,769.1500244140625,17348526,0.0,0.0
2024-03-04 00:00:00+05:30,774.4000244140625,777.0,769.0,772.0499877929688,9789141,0.0,0.0
2024-03-05 00:00:00+05:30,769.5,786.9500122070312,769.0999755859375,783.9500122070312,18088847,0.0,0.0
2024-03-06 00:00:00+05:30,783.6500244140625,790.2999877929688,772.9000244140625,783.9000244140625,26710525,0.0,0.0
2024-03-07 00:00:00+05:30,790.0,793.4000244140625,783.0,788.0499877929688,15497868,0.0,0.0
2024-03-11 00:00:00+05:30,790.0,792.7999877929688,770.5499877929688,773.7000122070312,16778340,0.0,0.0
2024-03-12 00:00:00+05:30,770.0,777.75,757.3499755859375,759.7000122070312,21529705,0.0,0.0
2024-03-13 00:00:00+05:30,758.6500244140625,763.7000122070312,743.0,747.25,27950252,0.0,0.0
2024-03-14 00:00:00+05:30,749.9000244140625,750.7999877929688,734.0499877929688,741.0499877929688,19730882,0.0,0.0
2024-03-15 00:00:00+05:30,739.25,746.5499877929688,723.0,731.9000244140625,29792241,0.0,0.0
2024-03-18 00:00:00+05:30,727.0999755859375,737.9000244140625,722.0999755859375,730.9500122070312,18145126,0.0,0.0
2024-03-19 00:00:00+05:30,730.0,734.3499755859375,721.1500244140625,723.7999877929688,15205043,0.0,0.0
2024-03-20 00:00:00+05:30,725.1500244140625,738.9500122070312,719.7999877929688,736.25,25405455,0.0,0.0
2024-03-21 00:00:00+05:30,742.0,750.5999755859375,740.5499877929688,744.2999877929688,15161161,0.0,0.0
2024-03-22 00:00:00+05:30,743.8499755859375,748.7999877929688,741.4000244140625,746.7000122070312,15535921,0.0,0.0
2024-03-26 00:00:00+05:30,743.0499877929688,747.8499755859375,738.5,740.0499877929688,14678342,0.0,0.0
2024-03-27 00:00:00+05:30,743.0,745.8499755859375,730.2000122070312,733.2999877929688,30088789,0.0,0.0
2024-03-28 00:00:00+05:30,737.75,759.5499877929688,736.9000244140625,752.3499755859375,21705116,0.0,0.0
2024-04-01 00:00:00+05:30,759.0499877929688,761.5,752.0999755859375,758.2999877929688,9949971,0.0,0.0
2024-04-02 00:00:00+05:30,758.2000122070312,768.75,753.3499755859375,766.4000244140625,15713063,0.0,0.0
2024-04-03 00:00:00+05:30,764.9000244140625,772.5999755859375,760.1500244140625,771.0499877929688,19136981,0.0,0.0
2024-04-04 00:00:00+05:30,775.0,775.2999877929688,758.0999755859375,759.2999877929688,15889530,0.0,0.0
2024-04-05 00:00:00+05:30,757.9500122070312,767.7000122070312,752.5999755859375,764.75,9939620,0.0,0.0
2024-04-08 00:00:00+05:30,766.0499877929688,770.0,761.7999877929688,768.2999877929688,9797174,0.0,0.0
2024-04-09 00:00:00+05:30,768.4500122070312,772.4500122070312,761.0999755859375,764.2000122070312,7465892,0.0,0.0
2024-04-10 00:00:00+05:30,766.5,780.7000122070312,763.6500244140625,779.0499877929688,14530669,0.0,0.0
2024-04-12 00:00:00+05:30,777.25,779.5,764.7999877929688,766.2999877929688,14408722,0.0,0.0
2024-04-15 00:00:00+05:30,759.7999877929688,763.2999877929688,748.75,757.5,11356572,0.0,0.0
2024-04-16 00:00:00+05:30,751.25,754.9000244140625,744.4000244140625,751.7000122070312,13338991,0.0,0.0
2024-04-18 00:00:00+05:30,752.0499877929688,759.9500122070312,742.0,744.7999877929688,14589648,0.0,0.0
2024-04-19 00:00:00+05:30,734.5,752.0,732.0499877929688,750.4500122070312,10886554,0.0,0.0
2024-04-22 00:00:00+05:30,754.1500244140625,769.0,750.4500122070312,766.0999755859375,17452186,0.0,0.0
2024-04-23 00:00:00+05:30,770.3499755859375,777.7000122070312,765.5499877929688,773.0,12292429,0.0,0.0
2024-04-24 00:00:00+05:30,778.5,778.5,770.2000122070312,773.0999755859375,7842615,0.0,0.0
2024-04-25 00:00:00+05:30,770.6500244140625,814.4000244140625,769.6500244140625,812.7000122070312,36732974,0.0,0.0
2024-04-26 00:00:00+05:30,815.9000244140625,816.9000244140625,798.9000244140625,801.2999877929688,14964358,0.0,0.0
2024-04-29 00:00:00+05:30,807.0,831.25,798.7000122070312,826.5,27302732,0.0,0.0
2024-04-30 00:00:00+05:30,826.5,834.8499755859375,819.9000244140625,826.25,27449073,0.0,0.0
2024-05-02 00:00:00+05:30,826.9000244140625,833.9000244140625,825.0,830.0499877929688,19943724,0.0,0.0
2024-05-03 00:00:00+05:30,834.7999877929688,836.2000122070312,820.0,831.4500122070312,22667634,0.0,0.0
2024-05-06 00:00:00+05:30,835.0,836.0,803.0,807.7999877929688,35283557,0.0,0.0
2024-05-07 00:00:00+05:30,812.0,814.6500244140625,793.2000122070312,801.9000244140625,16725013,0.0,0.0
2024-05-08 00:00:00+05:30,802.5999755859375,822.0,799.5,810.7999877929688,27908322,0.0,0.0
2024-05-09 00:00:00+05:30,811.9000244140625,839.6500244140625,803.5499877929688,819.7999877929688,49290254,0.0,0.0
2024-05-10 00:00:00+05:30,827.0,832.0499877929688,815.5999755859375,817.3499755859375,20543142,0.0,0.0
2024-05-13 00:00:00+05:30,819.8499755859375,819.8499755859375,798.5999755859375,808.7999877929688,15398505,0.0,0.0
2024-05-14 00:00:00+05:30,813.0,822.4000244140625,807.9000244140625,818.2000122070312,10912462,0.0,0.0
2024-05-15 00:00:00+05:30,821.0,825.2999877929688,818.0499877929688,820.2999877929688,9755062,0.0,0.0
2024-05-16 00:00:00+05:30,825.2999877929688,826.1500244140625,797.3499755859375,811.9500122070312,20536990,0.0,0.0
2024-05-17 00:00:00+05:30,814.5,822.4500122070312,811.2000122070312,817.8499755859375,12492509,0.0,0.0
2024-05-21 00:00:00+05:30,821.0,836.2999877929688,819.5999755859375,830.6500244140625,14037801,0.0,0.0
2024-05-22 00:00:00+05:30,826.5499877929688,826.6500244140625,813.5499877929688,818.75,19239277,13.7,0.0
2024-05-23 00:00:00+05:30,824.7000122070312,835.5,822.0,832.0999755859375,17497488,0.0,0.0
2024-05-24 00:00:00+05:30,830.0,841.25,827.0,828.5999755859375,12252075,0.0,0.0
2024-05-27 00:00:00+05:30,832.5999755859375,839.4000244140625,823.0,833.7000122070312,12295193,0.0,0.0
2024-05-28 00:00:00+05:30,835.7000122070312,840.7000122070312,823.2999877929688,831.1500244140625,13818893,0.0,0.0
2024-05-29 00:00:00+05:30,828.4000244140625,834.4500122070312,819.2999877929688,822.6500244140625,14518232,0.0,0.0
2024-05-30 00:00:00+05:30,821.4000244140625,836.0,819.2999877929688,825.8499755859375,17818705,0.0,0.0
2024-05-31 00:00:00+05:30,830.7000122070312,835.0,817.0999755859375,830.3499755859375,22267336,0.0,0.0
2024-06-03 00:00:00+05:30,863.5499877929688,912.0,856.75,905.6500244140625,64269020,0.0,0.0
2024-06-04 00:00:00+05:30,897.0,897.0,731.9500122070312,775.2000122070312,122381193,0.0,0.0
2024-06-05 00:00:00+05:30,790.75,795.0,744.0499877929688,789.75,74256082,0.0,0.0
2024-06-06 00:00:00+05:30,800.0,833.3499755859375,796.0,816.9500122070312,40555649,0.0,0.0
2024-06-07 00:00:00+05:30,819.9000244140625,831.5,810.5,829.9500122070312,25061284,0.0,0.0
2024-06-10 00:00:00+05:30,834.1500244140625,845.4500122070312,829.2000122070312,831.7999877929688,16725508,0.0,0.0
2024-06-11 00:00:00+05:30,836.0,839.5999755859375,829.0499877929688,835.5499877929688,14754408,0.0,0.0
2024-06-12 00:00:00+05:30,837.0,845.5499877929688,833.0,839.0999755859375,15071442,0.0,0.0
2024-06-13 00:00:00+05:30,845.0,845.9000244140625,836.0999755859375,843.9000244140625,12523972,0.0,0.0
2024-06-14 00:00:00+05:30,845.0,849.9000244140625,835.0999755859375,839.2000122070312,12903496,0.0,0.0
2024-06-18 00:00:00+05:30,841.5499877929688,851.5,840.25,844.9000244140625,14929083,0.0,0.0
2024-06-19 00:00:00+05:30,846.7999877929688,860.5999755859375,841.0,852.5999755859375,32925140,0.0,0.0
2024-06-20 00:00:00+05:30,853.0,853.0999755859375,842.3499755859375,843.75,13985352,0.0,0.0
2024-06-21 00:00:00+05:30,844.9000244140625,848.0499877929688,828.5999755859375,836.2999877929688,18990090,0.0,0.0
2024-06-24 00:00:00+05:30,831.5,836.0,821.0499877929688,832.7000122070312,12715254,0.0,0.0
2024-06-25 00:00:00+05:30,837.0,845.8499755859375,834.2999877929688,842.25,20917530,0.0,0.0
2024-06-26 00:00:00+05:30,839.8499755859375,848.7999877929688,836.0,845.3499755859375,16281760,0.0,0.0
2024-06-27 00:00:00+05:30,843.9000244140625,847.4000244140625,838.25,844.0,20378887,0.0,0.0
2024-06-28 00:00:00+05:30,846.9000244140625,864.0,844.0,848.9500122070312,23636388,0.0,0.0
2024-07-01 00:00:00+05:30,849.3499755859375,850.5,839.9500122070312,841.9500122070312,10967797,0.0,0.0
2024-07-02 00:00:00+05:30,844.0,846.2999877929688,823.1500244140625,826.1500244140625,21142840,0.0,0.0
2024-07-03 00:00:00+05:30,829.0,843.8499755859375,825.0,839.9500122070312,23598009,0.0,0.0
2024-07-04 00:00:00+05:30,843.0,844.9000244140625,834.2999877929688,839.2999877929688,13372587,0.0,0.0
2024-07-05 00:00:00+05:30,838.0,861.25,837.0,859.75,24873722,0.0,0.0
2024-07-08 00:00:00+05:30,859.75,865.0,853.5,856.25,10359800,0.0,0.0
2024-07-09 00:00:00+05:30,859.9000244140625,869.9500122070312,856.0,861.2999877929688,13585081,0.0,0.0
2024-07-10 00:00:00+05:30,860.0999755859375,860.25,843.5,849.0,17343236,0.0,0.0
2024-07-11 00:00:00+05:30,854.4000244140625,858.2999877929688,849.75,856.7000122070312,8501366,0.0,0.0
2024-07-12 00:00:00+05:30,856.7000122070312,863.0,855.2999877929688,859.7000122070312,11446064,0.0,0.0
2024-07-15 00:00:00+05:30,859.7000122070312,887.3499755859375,859.7000122070312,881.3499755859375,25392820,0.0,0.0
2024-07-16 00:00:00+05:30,882.2999877929688,888.0999755859375,874.2999877929688,880.7000122070312,11893692,0.0,0.0
2024-07-18 00:00:00+05:30,880.6500244140625,894.9000244140625,877.5,893.5499877929688,19435183,0.0,0.0
2024-07-19 00:00:00+05:30,895.0,899.0,883.2999877929688,889.3499755859375,14562742,0.0,0.0
2024-07-22 00:00:00+05:30,881.4500122070312,895.0,868.0,876.7999877929688,14614111,0.0,0.0
2024-07-23 00:00:00+05:30,883.0,884.5,849.0999755859375,863.9000244140625,18279212,0.0,0.0
2024-07-24 00:00:00+05:30,864.2000122070312,868.0,847.2000122070312,852.0,19624845,0.0,0.0
2024-07-25 00:00:00+05:30,847.5,850.75,841.2000122070312,848.5,9522375,0.0,0.0
2024-07-26 00:00:00+05:30,844.6500244140625,864.25,844.0,862.4500122070312,12081506,0.0,0.0
2024-07-29 00:00:00+05:30,866.0499877929688,889.0999755859375,863.2000122070312,871.5999755859375,26582781,0.0,0.0
2024-07-30 00:00:00+05:30,874.7000122070312,880.5499877929688,869.0,872.7999877929688,13528447,0.0,0.0
2024-07-31 00:00:00+05:30,873.8499755859375,874.9500122070312,868.0,872.4000244140625,11636874,0.0,0.0
2024-08-01 00:00:00+05:30,877.7999877929688,881.4000244140625,859.4500122070312,862.6500244140625,11787203,0.0,0.0
2024-08-02 00:00:00+05:30,856.7000122070312,858.2999877929688,846.1500244140625,847.8499755859375,12609331,0.0,0.0
2024-08-05 00:00:00+05:30,830.0,831.3499755859375,800.0,811.6500244140625,27676951,0.0,0.0
2024-08-06 00:00:00+05:30,822.6500244140625,826.5499877929688,795.6500244140625,797.7000122070312,17900930,0.0,0.0
2024-08-07 00:00:00+05:30,809.0,810.7000122070312,800.5499877929688,808.6500244140625,17692355,0.0,0.0
2024-08-08 00:00:00+05:30,812.0,817.7999877929688,802.7999877929688,808.0499877929688,14769069,0.0,0.0
2024-08-09 00:00:00+05:30,816.0,829.9500122070312,809.5499877929688,824.2999877929688,15320885,0.0,0.0
2024-08-12 00:00:00+05:30,820.5999755859375,823.0,811.2000122070312,812.5999755859375,16120449,0.0,0.0
2024-08-13 00:00:00+05:30,813.5,820.0,795.0499877929688,797.5499877929688,17585172,0.0,0.0
2024-08-14 00:00:00+05:30,800.9500122070312,809.1500244140625,800.4000244140625,803.0,11788665,0.0,0.0
2024-08-16 00:00:00+05:30,803.0,814.9000244140625,803.0,812.0999755859375,11427335,0.0,0.0
2024-08-19 00:00:00+05:30,815.0,825.4000244140625,812.5999755859375,813.7000122070312,10151482,0.0,0.0
2024-08-20 00:00:00+05:30,817.9500122070312,823.0,813.3499755859375,820.2999877929688,10347493,0.0,0.0
2024-08-21 00:00:00+05:30,820.2999877929688,821.0,811.2000122070312,815.5499877929688,14607257,0.0,0.0
2024-08-22 00:00:00+05:30,819.0,823.9000244140625,817.0999755859375,820.2999877929688,7832917,0.0,0.0
2024-08-23 00:00:00+05:30,821.5,822.0,814.5,815.3499755859375,5537747,0.0,0.0
2024-08-26 00:00:00+05:30,818.0,823.4500122070312,813.7999877929688,815.0499877929688,8523795,0.0,0.0
2024-08-27 00:00:00+05:30,817.7999877929688,819.4500122070312,811.0499877929688,815.9000244140625,12833290,0.0,0.0
2024-08-28 00:00:00+05:30,814.75,817.2000122070312,806.5,809.4000244140625,10371300,0.0,0.0
2024-08-29 00:00:00+05:30,809.5499877929688,816.0,806.9500122070312,814.5,18247268,0.0,0.0
2024-08-30 00:00:00+05:30,817.1500244140625,820.7000122070312,814.3499755859375,815.5999755859375,8911426,0.0,0.0
2024-09-02 00:00:00+05:30,817.2999877929688,825.4000244140625,813.0499877929688,822.1500244140625,11813750,0.0,0.0
2024-09-03 00:00:00+05:30,822.1500244140625,825.9500122070312,816.4000244140625,824.7999877929688,10548350,0.0,0.0
2024-09-04 00:00:00+05:30,815.4500122070312,818.6500244140625,813.6500244140625,816.5,10789570,0.0,0.0
2024-09-05 00:00:00+05:30,818.3499755859375,822.1500244140625,814.4000244140625,818.75,8395074,0.0,0.0
2024-09-06 00:00:00+05:30,811.5,812.9000244140625,777.0,782.5,40220096,0.0,0.0
2024-09-09 00:00:00+05:30,785.0,788.2000122070312,771.0,784.25,21322103,0.0,0.0
2024-09-10 00:00:00+05:30,788.0,788.7999877929688,777.5,782.6500244140625,12824701,0.0,0.0
2024-09-11 00:00:00+05:30,780.0499877929688,788.0,765.4000244140625,768.5999755859375,20060665,0.0,0.0
2024-09-12 00:00:00+05:30,775.0,789.9000244140625,772.75,787.75,17578964,0.0,0.0
2024-09-13 00:00:00+05:30,791.0,795.0,785.0999755859375,790.8499755859375,12950936,0.0,0.0
2024-09-16 00:00:00+05:30,790.8499755859375,795.0,784.4000244140625,785.5499877929688,9553736,0.0,0.0
2024-09-17 00:00:00+05:30,785.5999755859375,787.5,780.5499877929688,782.9000244140625,10665630,0.0,0.0
2024-09-18 00:00:00+05:30,783.7999877929688,794.75,782.0,792.75,18324412,0.0,0.0
2024-09-19 00:00:00+05:30,795.0499877929688,801.3499755859375,784.0499877929688,789.9500122070312,10645478,0.0,0.0
2024-09-20 00:00:00+05:30,794.8499755859375,794.8499755859375,779.5,781.7000122070312,21372244,0.0,0.0
2024-09-23 00:00:00+05:30,786.0,805.0,784.5,801.8499755859375,17309545,0.0,0.0
2024-09-24 00:00:00+05:30,799.25,804.25,796.5,798.25,15180653,0.0,0.0
2024-09-25 00:00:00+05:30,797.9000244140625,798.0,788.7000122070312,793.0999755859375,18465571,0.0,0.0
2024-09-26 00:00:00+05:30,796.0,803.0,791.5999755859375,801.8499755859375,23198842,0.0,0.0
2024-09-27 00:00:00+05:30,801.8499755859375,808.0,798.4500122070312,802.6500244140625,15193681,0.0,0.0
2024-09-30 00:00:00+05:30,801.9000244140625,802.5999755859375,786.4500122070312,787.9000244140625,15484573,0.0,0.0
2024-10-01 00:00:00+05:30,788.0,800.3499755859375,788.0,796.9500122070312,13280535,0.0,0.0
2024-10-03 00:00:00+05:30,789.9000244140625,804.0,784.2999877929688,794.0999755859375,15944135,0.0,0.0
2024-10-04 00:00:00+05:30,792.0,809.8499755859375,785.25,796.6500244140625,20097454,0.0,0.0
2024-10-07 00:00:00+05:30,800.0,804.0,765.4000244140625,770.6500244140625,24267990,0.0,0.0
2024-10-08 00:00:00+05:30,772.25,784.4000244140625,772.25,781.4500122070312,8560960,0.0,0.0
2024-10-09 00:00:00+05:30,786.7000122070312,804.3499755859375,782.0499877929688,797.4000244140625,18758697,0.0,0.0
2024-10-10 00:00:00+05:30,799.0,804.4500122070312,795.0,797.0999755859375,10241015,0.0,0.0
2024-10-11 00:00:00+05:30,797.2000122070312,802.7000122070312,793.0,799.75,14322720,0.0,0.0
2024-10-14 00:00:00+05:30,802.0,809.25,800.7999877929688,805.1500244140625,8967564,0.0,0.0
2024-10-15 00:00:00+05:30,805.5,807.5,801.5999755859375,804.6500244140625,6252104,0.0,0.0
2024-10-16 00:00:00+05:30,802.7999877929688,809.0,802.0499877929688,805.4500122070312,6494240,0.0,0.0
2024-10-17 00:00:00+05:30,809.5,819.5,806.0,811.0499877929688,18580553,0.0,0.0
2024-10-18 00:00:00+05:30,811.0999755859375,822.5999755859375,802.9000244140625,820.4000244140625,11704698,0.0,0.0
2024-10-21 00:00:00+05:30,824.7000122070312,826.4500122070312,809.0,813.9500122070312,10359618,0.0,0.0
2024-10-22 00:00:00+05:30,814.0,816.8499755859375,787.5,790.4000244140625,16645356,0.0,0.0
2024-10-23 00:00:00+05:30,790.0,792.5999755859375,779.7999877929688,786.0,13866198,0.0,0.0
2024-10-24 00:00:00+05:30,786.0499877929688,797.0,784.6500244140625,794.5499877929688,5607500,0.0,0.0
2024-10-25 00:00:00+05:30,798.0,800.75,772.0,780.9500122070312,9717125,0.0,0.0
2024-10-28 00:00:00+05:30,783.7999877929688,803.9500122070312,783.5499877929688,792.0499877929688,13757251,0.0,0.0
2024-10-29 00:00:00+05:30,796.0,834.8499755859375,790.5,832.7000122070312,28274791,0.0,0.0
2024-10-30 00:00:00+05:30,828.0,833.0,821.0499877929688,822.4500122070312,15977682,0.0,0.0
2024-10-31 00:00:00+05:30,820.0,828.0,813.5499877929688,820.2000122070312,13402324,0.0,0.0
2024-11-01 00:00:00+05:30,822.4000244140625,825.5999755859375,818.9000244140625,821.2000122070312,1637141,0.0,0.0
2024-11-04 00:00:00+05:30,822.7000122070312,837.5,807.0999755859375,829.8499755859375,14498161,0.0,0.0
2024-11-05 00:00:00+05:30,829.8499755859375,851.4000244140625,826.25,849.2000122070312,26254561,0.0,0.0
2024-11-06 00:00:00+05:30,849.2000122070312,861.4000244140625,846.2000122070312,854.7999877929688,15002433,0.0,0.0
2024-11-07 00:00:00+05:30,861.0,862.4000244140625,846.7000122070312,859.5999755859375,15283847,0.0,0.0
2024-11-08 00:00:00+05:30,859.5999755859375,863.5,834.2000122070312,843.1500244140625,26139105,0.0,0.0
2024-11-11 00:00:00+05:30,846.0,854.0,842.0,847.6500244140625,12621337,0.0,0.0
2024-11-12 00:00:00+05:30,852.5,853.4000244140625,824.2999877929688,826.7000122070312,11350729,0.0,0.0
2024-11-13 00:00:00+05:30,823.3499755859375,831.75,804.6500244140625,808.6500244140625,13756706,0.0,0.0
2024-11-14 00:00:00+05:30,808.6500244140625,818.0,801.0499877929688,804.25,9461484,0.0,0.0
2024-11-18 00:00:00+05:30,811.0,816.7000122070312,799.25,814.2999877929688,9322451,0.0,0.0
2024-11-19 00:00:00+05:30,819.0,820.2999877929688,800.0999755859375,803.0,13677029,0.0,0.0
2024-11-21 00:00:00+05:30,798.5,798.5,761.5499877929688,780.75,29486577,0.0,0.0
2024-11-22 00:00:00+05:30,786.0,819.9500122070312,784.0499877929688,816.0499877929688,20665405,0.0,0.0
2024-11-25 00:00:00+05:30,827.0,849.5999755859375,825.6500244140625,844.4500122070312,23434605,0.0,0.0
2024-11-26 00:00:00+05:30,844.0,846.7000122070312,835.5499877929688,839.4000244140625,8893744,0.0,0.0
2024-11-27 00:00:00+05:30,838.5,842.5,832.0999755859375,834.0999755859375,8375108,0.0,0.0
2024-11-28 00:00:00+05:30,834.0999755859375,845.7999877929688,830.5,838.8499755859375,13505677,0.0,0.0
2024-11-29 00:00:00+05:30,841.0999755859375,844.0499877929688,831.5499877929688,838.9500122070312,10822949,0.0,0.0
2024-12-02 00:00:00+05:30,838.9500122070312,842.0,832.7000122070312,836.4000244140625,6651119,0.0,0.0
2024-12-03 00:00:00+05:30,838.0,856.5999755859375,836.9000244140625,853.9500122070312,12186182,0.0,0.0
2024-12-04 00:00:00+05:30,853.9500122070312,864.0,850.2999877929688,859.7000122070312,10749716,0.0,0.0
2024-12-05 00:00:00+05:30,860.0,871.4500122070312,855.5999755859375,865.4500122070312,14716036,0.0,0.0
2024-12-06 00:00:00+05:30,865.25,875.4500122070312,857.0,863.6500244140625,14520568,0.0,0.0
2024-12-09 00:00:00+05:30,859.0,866.8499755859375,856.9500122070312,858.0499877929688,9630346,0.0,0.0
2024-12-10 00:00:00+05:30,861.7999877929688,868.9500122070312,858.0499877929688,867.5,7379849,0.0,0.0
2024-12-11 00:00:00+05:30,867.5,869.8499755859375,860.9500122070312,861.5999755859375,7006973,0.0,0.0
2024-12-12 00:00:00+05:30,861.5,864.2999877929688,851.1500244140625,853.7000122070312,8845103,0.0,0.0
2024-12-13 00:00:00+05:30,852.5999755859375,862.9000244140625,835.0,861.5499877929688,9379370,0.0,0.0
2024-12-16 00:00:00+05:30,859.7999877929688,866.4000244140625,857.7999877929688,860.9500122070312,6432713,0.0,0.0
2024-12-17 00:00:00+05:30,858.5499877929688,862.5999755859375,847.0499877929688,850.5499877929688,8791216,0.0,0.0
2024-12-18 00:00:00+05:30,851.0,852.0,837.0,838.1500244140625,8295338,0.0,0.0
2024-12-19 00:00:00+05:30,824.5999755859375,838.0,820.2000122070312,832.7999877929688,9453398,0.0,0.0
2024-12-20 00:00:00+05:30,834.9000244140625,836.0,810.0,812.0,10244198,0.0,0.0
2024-12-23 00:00:00+05:30,817.2999877929688,824.0,812.2000122070312,821.1500244140625,4933200,0.0,0.0
2024-12-24 00:00:00+05:30,824.25,826.2000122070312,809.2000122070312,812.0499877929688,10602771,0.0,0.0
2024-12-26 00:00:00+05:30,813.0,822.8499755859375,808.0,812.4500122070312,8318714,0.0,0.0
2024-12-27 00:00:00+05:30,816.2999877929688,818.2999877929688,797.2000122070312,799.6500244140625,10649800,0.0,0.0
2024-12-30 00:00:00+05:30,802.0,807.9500122070312,785.0,788.2999877929688,21515438,0.0,0.0
2024-12-31 00:00:00+05:30,786.9500122070312,799.2000122070312,786.0,794.9500122070312,9086044,0.0,0.0
2025-01-01 00:00:00+05:30,795.5499877929688,798.6500244140625,789.5,793.2000122070312,7273098,0.0,0.0
2025-01-02 00:00:00+05:30,795.0,802.4000244140625,787.0,801.2000122070312,11398319,0.0,0.0
2025-01-03 00:00:00+05:30,801.2000122070312,809.5,792.1500244140625,793.4000244140625,13336514,0.0,0.0
2025-01-06 00:00:00+05:30,797.4000244140625,797.5999755859375,773.1500244140625,776.4000244140625,11419367,0.0,0.0
2025-01-07 00:00:00+05:30,779.8499755859375,783.8499755859375,774.8499755859375,778.75,9669152,0.0,0.0
2025-01-08 00:00:00+05:30,780.9000244140625,783.9500122070312,760.0999755859375,771.1500244140625,15641490,0.0,0.0
2025-01-09 00:00:00+05:30,771.1500244140625,771.3499755859375,726.25,760.4500122070312,15351029,0.0,0.0
2025-01-10 00:00:00+05:30,760.3499755859375,763.4000244140625,742.0499877929688,743.25,11779296,0.0,0.0
2025-01-13 00:00:00+05:30,741.5,743.9500122070312,722.5,729.5,10414733,0.0,0.0
2025-01-14 00:00:00+05:30,732.9500122070312,757.0,732.9500122070312,748.1500244140625,11960975,0.0,0.0
2025-01-15 00:00:00+05:30,753.1500244140625,758.9000244140625,750.0,753.7000122070312,7792299,0.0,0.0
2025-01-16 00:00:00+05:30,760.4000244140625,776.7000122070312,760.4000244140625,766.2999877929688,11816079,0.0,0.0
2025-01-17 00:00:00+05:30,766.2999877929688,767.9500122070312,759.4000244140625,764.0999755859375,5766573,0.0,0.0
2025-01-20 00:00:00+05:30,769.0,785.0,767.8499755859375,779.25,9198929,0.0,0.0
2025-01-21 00:00:00+05:30,784.7999877929688,784.9000244140625,756.0499877929688,759.0499877929688,13751780,0.0,0.0
2025-01-22 00:00:00+05:30,762.0,763.0,738.0,753.4500122070312,9908339,0.0,0.0
2025-01-23 00:00:00+05:30,750.0,755.6500244140625,743.0999755859375,745.9000244140625,10986405,0.0,0.0
2025-01-24 00:00:00+05:30,749.9000244140625,753.7000122070312,739.0,744.1500244140625,10579213,0.0,0.0
2025-01-27 00:00:00+05:30,740.0,755.3499755859375,735.9000244140625,749.2000122070312,11433353,0.0,0.0
2025-01-28 00:00:00+05:30,757.0,759.75,745.4000244140625,752.4000244140625,14140860,0.0,0.0
2025-01-29 00:00:00+05:30,753.0,760.7999877929688,749.7999877929688,758.4500122070312,9251973,0.0,0.0
2025-01-30 00:00:00+05:30,758.5499877929688,765.0,754.75,762.5999755859375,11085824,0.0,0.0
2025-01-31 00:00:00+05:30,764.9000244140625,777.5499877929688,759.5,772.9000244140625,10083763,0.0,0.0
2025-02-01 00:00:00+05:30,774.7999877929688,778.75,752.1500244140625,766.0,9363077,0.0,0.0
2025-02-03 00:00:00+05:30,762.7999877929688,762.7999877929688,753.1500244140625,760.9500122070312,7862190,0.0,0.0
2025-02-04 00:00:00+05:30,767.0,781.25,765.6500244140625,779.2000122070312,12020807,0.0,0.0
2025-02-05 00:00:00+05:30,780.0,782.0,765.0,766.0499877929688,13419162,0.0,0.0
2025-02-06 00:00:00+05:30,769.0,770.8499755859375,750.0499877929688,752.25,32745391,0.0,0.0
2025-02-07 00:00:00+05:30,759.7999877929688,759.9000244140625,731.75,737.2000122070312,37240692,0.0,0.0
2025-02-10 00:00:00+05:30,740.0,743.9000244140625,733.4000244140625,736.7999877929688,12667049,0.0,0.0
2025-02-11 00:00:00+05:30,737.4500122070312,740.1500244140625,726.5499877929688,731.0999755859375,13017060,0.0,0.0
2025-02-12 00:00:00+05:30,733.1500244140625,738.7000122070312,717.1500244140625,733.1500244140625,12697743,0.0,0.0
2025-02-13 00:00:00+05:30,734.4000244140625,737.5,726.1500244140625,727.6500244140625,12370571,0.0,0.0
2025-02-14 00:00:00+05:30,730.9500122070312,732.9000244140625,716.2000122070312,722.1500244140625,10417539,0.0,0.0
2025-02-17 00:00:00+05:30,719.0499877929688,728.75,711.5499877929688,727.7000122070312,9093600,0.0,0.0
2025-02-18 00:00:00+05:30,727.7000122070312,728.25,717.3499755859375,725.7999877929688,8562003,0.0,0.0
2025-02-19 00:00:00+05:30,722.0499877929688,734.8499755859375,722.0499877929688,727.2999877929688,6766606,0.0,0.0
2025-02-20 00:00:00+05:30,724.9000244140625,731.5,723.3499755859375,729.7000122070312,7423268,0.0,0.0
2025-02-21 00:00:00+05:30,727.2999877929688,731.7000122070312,720.0,722.0,6571602,0.0,0.0
2025-02-24 00:00:00+05:30,710.5,719.75,710.5,716.4000244140625,6912148,0.0,0.0
2025-02-25 00:00:00+05:30,718.9500122070312,718.9500122070312,710.0,710.9000244140625,8599635,0.0,0.0
2025-02-27 00:00:00+05:30,716.0,717.7000122070312,701.0999755859375,703.9000244140625,12033139,0.0,0.0
2025-02-28 00:00:00+05:30,700.9000244140625,701.3499755859375,682.5999755859375,688.7999877929688,15780609,0.0,0.0
2025-03-03 00:00:00+05:30,690.1500244140625,697.4000244140625,680.0,695.2999877929688,10598479,0.0,0.0
2025-03-04 00:00:00+05:30,693.0,718.4500122070312,692.0999755859375,716.0499877929688,14386214,0.0,0.0
2025-03-05 00:00:00+05:30,717.5499877929688,731.2999877929688,717.0,730.3499755859375,10409805,0.0,0.0
2025-03-06 00:00:00+05:30,736.0,736.75,727.0,732.0499877929688,10928847,0.0,0.0
2025-03-07 00:00:00+05:30,732.0499877929688,734.8499755859375,728.0,732.75,7246729,0.0,0.0
2025-03-10 00:00:00+05:30,732.75,738.5,726.5999755859375,728.9000244140625,7400109,0.0,0.0
2025-03-11 00:00:00+05:30,724.9000244140625,734.0499877929688,722.7000122070312,729.8499755859375,5538789,0.0,0.0
2025-03-12 00:00:00+05:30,730.5999755859375,737.0,719.0499877929688,723.0499877929688,5547762,0.0,0.0
2025-03-13 00:00:00+05:30,725.9000244140625,731.4500122070312,724.5,727.8499755859375,5908337,0.0,0.0
2025-03-17 00:00:00+05:30,728.9000244140625,731.25,722.2999877929688,723.1500244140625,5149563,0.0,0.0
2025-03-18 00:00:00+05:30,723.1500244140625,723.1500244140625,723.1500244140625,723.1500244140625,0,0.0,0.0
2025-03-19 00:00:00+05:30,739.5999755859375,749.2999877929688,739.0999755859375,745.0999755859375,7604850,0.0,0.0
2025-03-20 00:00:00+05:30,748.0,752.7000122070312,744.2000122070312,749.5499877929688,6963197,0.0,0.0
2025-03-21 00:00:00+05:30,749.9500122070312,755.5999755859375,747.0,753.2000122070312,9577327,0.0,0.0
2025-03-24 00:00:00+05:30,758.0,782.9500122070312,755.0999755859375,780.7999877929688,12095064,0.0,0.0
2025-03-25 00:00:00+05:30,783.9000244140625,786.0,769.2000122070312,772.8499755859375,15190143,0.0,0.0
2025-03-26 00:00:00+05:30,772.0,776.0499877929688,761.4500122070312,764.0,7711852,0.0,0.0
2025-03-27 00:00:00+05:30,763.7999877929688,775.7999877929688,760.5,772.2999877929688,15648616,0.0,0.0
2025-03-28 00:00:00+05:30,772.0999755859375,778.5999755859375,767.0,771.5,7628185,0.0,0.0
2025-04-01 00:00:00+05:30,766.7999877929688,782.75,763.2000122070312,771.7000122070312,7011125,0.0,0.0
2025-04-02 00:00:00+05:30,772.2999877929688,777.0,764.2999877929688,775.9500122070312,5458436,0.0,0.0
2025-04-03 00:00:00+05:30,770.0,784.7000122070312,769.9500122070312,779.2000122070312,7956680,0.0,0.0
2025-04-04 00:00:00+05:30,779.0999755859375,782.9000244140625,765.0,767.4500122070312,8231194,0.0,0.0
2025-04-07 00:00:00+05:30,730.0,753.7000122070312,730.0,746.9000244140625,14923235,0.0,0.0
2025-04-08 00:00:00+05:30,760.0,774.0,758.1500244140625,768.5999755859375,12911288,0.0,0.0
2025-04-09 00:00:00+05:30,767.0,767.9500122070312,741.0,742.2000122070312,11319387,0.0,0.0
2025-04-11 00:00:00+05:30,759.0,759.7000122070312,746.0,753.8499755859375,9360327,0.0,0.0
2025-04-15 00:00:00+05:30,770.0,770.7000122070312,757.0999755859375,763.5,7859090,0.0,0.0
2025-04-16 00:00:00+05:30,763.5,774.75,760.5,771.75,12536694,0.0,0.0
2025-04-17 00:00:00+05:30,772.0,801.0,767.1500244140625,797.4500122070312,27034818,0.0,0.0
2025-04-21 00:00:00+05:30,803.0,824.3499755859375,801.4000244140625,816.7000122070312,16398507,0.0,0.0
2025-04-22 00:00:00+05:30,821.1500244140625,835.5,814.0,822.4000244140625,25117557,0.0,0.0
2025-04-23 00:00:00+05:30,826.0,831.0,810.0999755859375,813.4500122070312,12104382,0.0,0.0
2025-04-24 00:00:00+05:30,812.75,819.0,811.1500244140625,813.4000244140625,12713521,0.0,0.0
2025-04-25 00:00:00+05:30,815.0,819.0,787.0,798.6500244140625,13131038,0.0,0.0
2025-04-28 00:00:00+05:30,798.6500244140625,822.7999877929688,797.4000244140625,817.3499755859375,11317611,0.0,0.0
2025-04-29 00:00:00+05:30,820.0,829.0,809.0,812.5499877929688,11283059,0.0,0.0
2025-04-30 00:00:00+05:30,811.5,811.5,784.5,788.6500244140625,25635764,0.0,0.0
2025-05-02 00:00:00+05:30,790.3499755859375,803.4000244140625,789.0,796.7000122070312,14720184,0.0,0.0
2025-05-05 00:00:00+05:30,782.0,799.0,782.0,790.0,23986447,0.0,0.0
2025-05-06 00:00:00+05:30,793.9500122070312,799.1500244140625,771.0999755859375,774.0999755859375,18869468,0.0,0.0
2025-05-07 00:00:00+05:30,765.2999877929688,782.4000244140625,764.5499877929688,776.0999755859375,15586266,0.0,0.0
2025-05-08 00:00:00+05:30,779.0,786.5,764.0,769.0,14491673,0.0,0.0
2025-05-09 00:00:00+05:30,756.5,781.7000122070312,755.5,779.25,13578216,0.0,0.0
2025-05-12 00:00:00+05:30,799.0,803.9000244140625,793.0,801.6500244140625,15096824,0.0,0.0
2025-05-13 00:00:00+05:30,798.5999755859375,807.6500244140625,797.2000122070312,801.75,13909596,0.0,0.0
2025-05-14 00:00:00+05:30,805.75,807.5,796.2999877929688,800.7000122070312,9281719,0.0,0.0
2025-05-15 00:00:00+05:30,804.4500122070312,809.4500122070312,794.5,807.75,17058854,0.0,0.0
2025-05-16 00:00:00+05:30,804.0,804.0,791.0,792.0999755859375,14733924,15.9,0.0
2025-05-19 00:00:00+05:30,792.0999755859375,801.4000244140625,792.0999755859375,795.0,10666184,0.0,0.0
2025-05-20 00:00:00+05:30,798.1500244140625,799.4000244140625,783.7999877929688,785.6500244140625,11324667,0.0,0.0
2025-05-21 00:00:00+05:30,787.0,791.0,779.0999755859375,787.0999755859375,8206040,0.0,0.0
2025-05-22 00:00:00+05:30,788.0,788.2000122070312,780.2999877929688,785.25,7355826,0.0,0.0
2025-05-23 00:00:00+05:30,787.9000244140625,794.9500122070312,786.2000122070312,790.5,5534158,0.0,0.0
2025-05-26 00:00:00+05:30,792.0,797.5499877929688,789.2000122070312,794.4000244140625,4965466,0.0,0.0
2025-05-27 00:00:00+05:30,794.4000244140625,801.3499755859375,790.0499877929688,793.7000122070312,11995043,0.0,0.0
2025-05-28 00:00:00+05:30,794.5,798.9000244140625,792.6500244140625,796.5499877929688,6873519,0.0,0.0
2025-05-29 00:00:00+05:30,799.0,800.4000244140625,791.3499755859375,797.3499755859375,14034127,0.0,0.0
2025-05-30 00:00:00+05:30,798.0,814.5,792.5999755859375,812.2999877929688,22037314,0.0,0.0
2025-06-02 00:00:00+05:30,812.8499755859375,822.5499877929688,809.2000122070312,813.6500244140625,26891575,0.0,0.0
2025-06-03 00:00:00+05:30,816.2000122070312,818.4000244140625,805.1500244140625,809.7999877929688,14247597,0.0,0.0
2025-06-04 00:00:00+05:30,817.0,817.0,805.25,806.5,9607927,0.0,0.0
2025-06-05 00:00:00+05:30,808.7000122070312,811.7000122070312,802.8499755859375,806.0,13595507,0.0,0.0
2025-06-06 00:00:00+05:30,806.6500244140625,816.4500122070312,803.0999755859375,813.0499877929688,17163935,0.0,0.0
2025-06-09 00:00:00+05:30,817.4000244140625,824.5,815.7000122070312,820.0499877929688,12793040,0.0,0.0
2025-06-10 00:00:00+05:30,821.0,822.0499877929688,814.5999755859375,817.0499877929688,6560513,0.0,0.0
2025-06-11 00:00:00+05:30,817.0,820.5999755859375,813.0499877929688,815.0499877929688,7197825,0.0,0.0
2025-06-12 00:00:00+05:30,816.0,816.5,801.2000122070312,805.9500122070312,13448521,0.0,0.0
2025-06-13 00:00:00+05:30,786.25,796.2999877929688,786.25,792.3499755859375,11377117,0.0,0.0
2025-06-16 00:00:00+05:30,792.5,795.4000244140625,786.1500244140625,792.5,8085001,0.0,0.0
2025-06-17 00:00:00+05:30,794.0,798.8499755859375,790.5499877929688,792.2999877929688,7753156,0.0,0.0
2025-06-18 00:00:00+05:30,792.5,795.5,788.3499755859375,791.9000244140625,5710169,0.0,0.0
2025-06-19 00:00:00+05:30,792.3499755859375,793.25,781.7000122070312,785.0999755859375,11824333,0.0,0.0
2025-06-20 00:00:00+05:30,787.5,799.4500122070312,786.0999755859375,796.1500244140625,11367669,0.0,0.0
2025-06-23 00:00:00+05:30,790.0,794.9500122070312,788.5,790.2000122070312,5549253,0.0,0.0
2025-06-24 00:00:00+05:30,799.0,806.6500244140625,793.6500244140625,795.4000244140625,11402190,0.0,0.0
2025-06-25 00:00:00+05:30,799.5,803.7999877929688,796.0999755859375,800.0499877929688,6528324,0.0,0.0
2025-06-26 00:00:00+05:30,802.0,803.3499755859375,791.4000244140625,797.0499877929688,24704402,0.0,0.0
2025-06-27 00:00:00+05:30,805.0,809.4500122070312,802.6500244140625,805.4000244140625,19375990,0.0,0.0
2025-06-30 00:00:00+05:30,809.0,821.0,807.0499877929688,820.3499755859375,19652607,0.0,0.0
2025-07-01 00:00:00+05:30,820.0,824.9000244140625,813.25,820.2999877929688,11456405,0.0,0.0
2025-07-02 00:00:00+05:30,821.0,824.0499877929688,809.0,812.9000244140625,6661200,0.0,0.0
2025-07-03 00:00:00+05:30,813.5,814.5,805.7999877929688,807.0999755859375,7020403,0.0,0.0
2025-07-04 00:00:00+05:30,808.75,813.8499755859375,804.0999755859375,811.8499755859375,4319538,0.0,0.0
2025-07-07 00:00:00+05:30,811.2000122070312,812.6500244140625,805.1500244140625,806.8499755859375,4461783,0.0,0.0
2025-07-08 00:00:00+05:30,807.9000244140625,813.5499877929688,805.3499755859375,812.6500244140625,5935770,0.0,0.0
2025-07-09 00:00:00+05:30,810.0,812.4500122070312,809.0,810.9500122070312,4099112,0.0,0.0
2025-07-10 00:00:00+05:30,811.2999877929688,815.5,806.9000244140625,808.0,12178137,0.0,0.0
2025-07-11 00:00:00+05:30,807.5499877929688,812.5499877929688,804.5499877929688,808.6500244140625,6202372,0.0,0.0
2025-07-14 00:00:00+05:30,809.7999877929688,815.5,808.0,808.8499755859375,6938635,0.0,0.0
2025-07-15 00:00:00+05:30,811.0,821.0,810.5,816.4500122070312,9297645,0.0,0.0
2025-07-16 00:00:00+05:30,816.0,834.2000122070312,815.2999877929688,831.7000122070312,16458920,0.0,0.0
2025-07-17 00:00:00+05:30,838.4000244140625,842.5,826.3499755859375,829.0,23073718,0.0,0.0
2025-07-18 00:00:00+05:30,832.0,832.6500244140625,820.25,823.3499755859375,15387801,0.0,0.0
2025-07-21 00:00:00+05:30,823.0,827.3499755859375,817.9500122070312,824.2000122070312,8852594,0.0,0.0
2025-07-22 00:00:00+05:30,827.5,828.0499877929688,814.0,815.0,7851163,0.0,0.0
2025-07-23 00:00:00+05:30,812.5,825.2000122070312,811.5,820.6500244140625,15470390,0.0,0.0
2025-07-24 00:00:00+05:30,820.0,821.9500122070312,810.6500244140625,815.7000122070312,10118309,0.0,0.0
2025-07-25 00:00:00+05:30,815.0,819.2000122070312,805.5,806.5499877929688,6734439,0.0,0.0
2025-07-28 00:00:00+05:30,806.5499877929688,808.9500122070312,796.0,797.1500244140625,7734158,0.0,0.0
2025-07-29 00:00:00+05:30,796.2000122070312,800.0,793.0999755859375,799.2000122070312,7833759,0.0,0.0
2025-07-30 00:00:00+05:30,798.9500122070312,803.4000244140625,796.2000122070312,801.6500244140625,8743723,0.0,0.0
2025-07-31 00:00:00+05:30,795.0999755859375,803.7999877929688,792.5499877929688,796.5499877929688,11359112,0.0,0.0
2025-08-01 00:00:00+05:30,795.7000122070312,801.0,792.0,794.0,15468391,0.0,0.0
2025-08-04 00:00:00+05:30,794.5,797.2000122070312,786.5499877929688,795.7000122070312,8820724,0.0,0.0
2025-08-05 00:00:00+05:30,798.0,804.0499877929688,796.2999877929688,800.5999755859375,7381537,0.0,0.0
2025-08-06 00:00:00+05:30,800.9500122070312,810.2000122070312,799.0,805.1500244140625,7409396,0.0,0.0
2025-08-07 00:00:00+05:30,801.0999755859375,806.6500244140625,793.4000244140625,805.1500244140625,7091392,0.0,0.0
2025-08-08 00:00:00+05:30,805.0,807.7999877929688,790.0,804.2999877929688,15708181,0.0,0.0
2025-08-11 00:00:00+05:30,808.0,825.0,808.0,823.4500122070312,15236297,0.0,0.0
2025-08-12 00:00:00+05:30,824.9500122070312,825.5,820.0,820.5999755859375,7986728,0.0,0.0
2025-08-13 00:00:00+05:30,822.6500244140625,824.9500122070312,820.6500244140625,821.8499755859375,4447508,0.0,0.0
2025-08-14 00:00:00+05:30,822.0,828.0,819.0999755859375,826.5499877929688,7087573,0.0,0.0
2025-08-18 00:00:00+05:30,836.0,838.0,825.1500244140625,827.6500244140625,6138124,0.0,0.0
2025-08-19 00:00:00+05:30,827.5,831.0,825.7999877929688,830.4000244140625,5076681,0.0,0.0
2025-08-20 00:00:00+05:30,828.7000122070312,831.9000244140625,827.4000244140625,828.9500122070312,4493888,0.0,0.0
2025-08-21 00:00:00+05:30,828.9500122070312,833.25,824.0499877929688,825.7000122070312,4402511,0.0,0.0
2025-08-22 00:00:00+05:30,824.0,826.0,815.7000122070312,816.25,5097647,0.0,0.0
2025-08-25 00:00:00+05:30,817.4500122070312,820.5,814.2000122070312,816.4500122070312,5672898,0.0,0.0
2025-08-26 00:00:00+05:30,814.8499755859375,815.8499755859375,806.75,807.8499755859375,6997817,0.0,0.0
2025-08-28 00:00:00+05:30,807.25,811.0,800.6500244140625,801.9500122070312,7898436,0.0,0.0
2025-08-29 00:00:00+05:30,800.7000122070312,806.7000122070312,798.5,802.5,6861440,0.0,0.0
2025-09-01 00:00:00+05:30,803.0999755859375,808.2999877929688,802.6500244140625,806.0499877929688,5619805,0.0,0.0
2025-09-02 00:00:00+05:30,806.2999877929688,810.5,802.6500244140625,803.9000244140625,5075460,0.0,0.0
2025-09-03 00:00:00+05:30,804.2999877929688,813.2999877929688,803.0,812.1500244140625,4261589,0.0,0.0
2025-09-04 00:00:00+05:30,814.6500244140625,816.75,808.0,809.4000244140625,4471950,0.0,0.0
2025-09-05 00:00:00+05:30,811.5,812.5,803.6500244140625,806.5999755859375,5194842,0.0,0.0
2025-09-08 00:00:00+05:30,808.0,813.8499755859375,806.7999877929688,808.7999877929688,4614227,0.0,0.0
2025-09-09 00:00:00+05:30,812.0,812.3499755859375,805.5999755859375,808.8499755859375,4567272,0.0,0.0
2025-09-10 00:00:00+05:30,812.0,824.5999755859375,810.4000244140625,818.2000122070312,7285853,0.0,0.0
2025-09-11 00:00:00+05:30,819.0999755859375,825.7000122070312,819.0,823.6500244140625,7425055,0.0,0.0
2025-09-12 00:00:00+05:30,824.0999755859375,825.7999877929688,819.7999877929688,823.5499877929688,5078018,0.0,0.0
2025-09-15 00:00:00+05:30,823.5499877929688,827.7999877929688,821.0999755859375,824.75,3852494,0.0,0.0
2025-09-16 00:00:00+05:30,825.0999755859375,833.0,821.6500244140625,831.5499877929688,9467531,0.0,0.0
2025-09-17 00:00:00+05:30,834.2999877929688,858.1500244140625,831.0,857.1500244140625,17243938,0.0,0.0
2025-09-18 00:00:00+05:30,858.6500244140625,860.7999877929688,851.0999755859375,854.3499755859375,10400847,0.0,0.0
2025-09-19 00:00:00+05:30,852.0,864.4500122070312,849.2999877929688,862.3499755859375,15206426,0.0,0.0
2025-09-22 00:00:00+05:30,862.0,868.2000122070312,854.0,855.25,6594034,0.0,0.0
2025-09-23 00:00:00+05:30,854.5999755859375,874.25,851.2000122070312,870.5999755859375,14357863,0.0,0.0
2025-09-24 00:00:00+05:30,876.0,880.5,864.4500122070312,866.2000122070312,12840160,0.0,0.0
2025-09-25 00:00:00+05:30,866.5499877929688,870.1500244140625,859.9500122070312,861.1500244140625,8678821,0.0,0.0
2025-09-26 00:00:00+05:30,862.0,864.3499755859375,853.0,856.9500122070312,6959545,0.0,0.0
2025-09-29 00:00:00+05:30,858.0499877929688,873.5,856.0,870.75,22641712,0.0,0.0
2025-09-30 00:00:00+05:30,869.9500122070312,877.5999755859375,867.5999755859375,872.4500122070312,12831593,0.0,0.0
2025-10-01 00:00:00+05:30,872.2999877929688,876.4500122070312,862.7999877929688,864.0999755859375,10832384,0.0,0.0
2025-10-03 00:00:00+05:30,865.1500244140625,873.0,863.7999877929688,867.2999877929688,8019442,0.0,0.0
2025-10-06 00:00:00+05:30,868.0,875.2999877929688,862.7999877929688,874.0499877929688,7820352,0.0,0.0
2025-10-07 00:00:00+05:30,874.1500244140625,877.0,863.0,864.7000122070312,9242580,0.0,0.0
2025-10-08 00:00:00+05:30,866.7999877929688,867.7999877929688,857.25,858.25,7156112,0.0,0.0
2025-10-09 00:00:00+05:30,861.5999755859375,865.7999877929688,858.0999755859375,862.0999755859375,7020501,0.0,0.0
2025-10-10 00:00:00+05:30,862.0999755859375,883.75,861.2999877929688,880.6500244140625,13713015,0.0,0.0
2025-10-13 00:00:00+05:30,879.0,888.0999755859375,876.0,882.9500122070312,11923143,0.0,0.0
2025-10-14 00:00:00+05:30,883.0,884.1500244140625,872.0999755859375,876.9500122070312,7681973,0.0,0.0
2025-10-15 00:00:00+05:30,878.0999755859375,887.5,877.0499877929688,886.0999755859375,8269225,0.0,0.0
2025-10-16 00:00:00+05:30,888.2999877929688,891.8499755859375,882.4500122070312,886.9500122070312,8493686,0.0,0.0
2025-10-17 00:00:00+05:30,887.5,894.75,883.0,889.1500244140625,8511854,0.0,0.0
2025-10-20 00:00:00+05:30,894.5999755859375,913.6500244140625,891.0499877929688,907.5,13546463,0.0,0.0
2025-10-21 00:00:00+05:30,908.0,910.0,906.4000244140625,907.8499755859375,1783576,0.0,0.0
2025-10-23 00:00:00+05:30,912.0,918.0,904.7999877929688,911.5499877929688,13382769,0.0,0.0
2025-10-24 00:00:00+05:30,910.9500122070312,914.0999755859375,900.9500122070312,904.5,5313227,0.0,0.0
2025-10-27 00:00:00+05:30,906.9500122070312,928.0,906.0,922.75,9150761,0.0,0.0
2025-10-28 00:00:00+05:30,927.0999755859375,935.8499755859375,917.7000122070312,930.25,22066289,0.0,0.0
2025-10-29 00:00:00+05:30,933.9000244140625,942.0499877929688,930.25,939.75,12314222,0.0,0.0
2025-10-30 00:00:00+05:30,939.4500122070312,944.9000244140625,933.0499877929688,934.3499755859375,13044473,0.0,0.0
2025-10-31 00:00:00+05:30,934.9000244140625,946.7000122070312,930.25,937.0,12078252,0.0,0.0
2025-11-03 00:00:00+05:30,938.75,953.4000244140625,937.5,949.7000122070312,11744735,0.0,0.0
2025-11-04 00:00:00+05:30,951.0,959.2999877929688,941.5,957.5999755859375,19154518,0.0,0.0
2025-11-06 00:00:00+05:30,969.6500244140625,971.4000244140625,955.2999877929688,960.75,23088096,0.0,0.0
2025-11-07 00:00:00+05:30,958.75,964.8499755859375,944.0,955.8499755859375,13371323,0.0,0.0
2025-11-10 00:00:00+05:30,956.0,963.2000122070312,949.0999755859375,951.1500244140625,7343249,0.0,0.0
2025-11-11 00:00:00+05:30,953.5999755859375,954.9500122070312,945.0499877929688,953.2999877929688,8648917,0.0,0.0
2025-11-12 00:00:00+05:30,957.7000122070312,961.5499877929688,951.4000244140625,957.1500244140625,7043323,0.0,0.0
2025-11-13 00:00:00+05:30,954.25,963.9500122070312,952.4500122070312,954.0,8894441,0.0,0.0
2025-11-14 00:00:00+05:30,952.9500122070312,969.0499877929688,952.0,967.8499755859375,11032927,0.0,0.0
2025-11-17 00:00:00+05:30,971.0,976.0,968.5,973.3499755859375,7415026,0.0,0.0
2025-11-18 00:00:00+05:30,975.5999755859375,976.7000122070312,968.8499755859375,972.4500122070312,6594686,0.0,0.0
2025-11-19 00:00:00+05:30,972.4500122070312,984.4500122070312,968.7999877929688,982.75,8291226,0.0,0.0
2025-11-20 00:00:00+05:30,986.0,986.5999755859375,979.3499755859375,981.5499877929688,6440857,0.0,0.0
2025-11-21 00:00:00+05:30,979.7000122070312,980.5999755859375,971.0499877929688,972.5999755859375,5377241,0.0,0.0
2025-11-24 00:00:00+05:30,975.5499877929688,977.7000122070312,968.0499877929688,970.5999755859375,9901946,0.0,0.0
2025-11-25 00:00:00+05:30,975.5499877929688,988.9500122070312,971.3499755859375,983.5999755859375,9140201,0.0,0.0
2025-11-26 00:00:00+05:30,986.5999755859375,999.0,982.1500244140625,983.9000244140625,13943490,0.0,0.0
2025-11-27 00:00:00+05:30,986.7000122070312,988.5499877929688,968.9000244140625,972.8499755859375,11909168,0.0,0.0
2025-11-28 00:00:00+05:30,976.7999877929688,983.0,973.0499877929688,979.0,8117842,0.0,0.0
2025-12-01 00:00:00+05:30,985.4500122070312,991.2000122070312,969.8499755859375,973.0999755859375,8808306,0.0,0.0
2025-12-02 00:00:00+05:30,976.0,980.4500122070312,964.9000244140625,967.2999877929688,13444314,0.0,0.0
2025-12-03 00:00:00+05:30,970.4500122070312,972.5499877929688,947.5499877929688,951.0499877929688,14051968,0.0,0.0
2025-12-04 00:00:00+05:30,951.0499877929688,952.5499877929688,944.4500122070312,948.0999755859375,13622724,0.0,0.0
2025-12-05 00:00:00+05:30,948.8499755859375,973.2999877929688,946.7000122070312,971.5,17347847,0.0,0.0
2025-12-08 00:00:00+05:30,970.8499755859375,972.5,951.7000122070312,956.4000244140625,15386438,0.0,0.0
2025-12-09 00:00:00+05:30,954.7999877929688,964.0,950.4500122070312,959.3499755859375,9580294,0.0,0.0
2025-12-10 00:00:00+05:30,960.0999755859375,963.9500122070312,955.25,959.75,6989178,0.0,0.0
2025-12-11 00:00:00+05:30,962.0999755859375,966.5,958.4500122070312,963.25,5979035,0.0,0.0
2025-12-12 00:00:00+05:30,966.0,967.0,958.0,963.1500244140625,5681930,0.0,0.0
2025-12-15 00:00:00+05:30,957.25,968.8499755859375,957.25,967.25,4416952,0.0,0.0
2025-12-16 00:00:00+05:30,966.0499877929688,969.0,958.0499877929688,961.1500244140625,4764786,0.0,0.0
2025-12-17 00:00:00+05:30,965.5499877929688,978.5,964.2999877929688,975.8499755859375,8013382,0.0,0.0
2025-12-18 00:00:00+05:30,977.9000244140625,981.4500122070312,973.5,977.5499877929688,4926879,0.0,0.0
2025-12-19 00:00:00+05:30,979.9500122070312,982.0,977.0499877929688,980.2999877929688,5376584,0.0,0.0
2025-12-22 00:00:00+05:30,981.0999755859375,983.0,972.5499877929688,974.2999877929688,5959037,0.0,0.0
2025-12-23 00:00:00+05:30,976.2999877929688,977.5499877929688,970.7000122070312,971.9000244140625,5123287,0.0,0.0
2025-12-24 00:00:00+05:30,973.2000122070312,977.2999877929688,967.5,968.9500122070312,4105643,0.0,0.0
2025-12-26 00:00:00+05:30,968.9500122070312,971.0,964.75,966.2999877929688,3286321,0.0,0.0
2025-12-29 00:00:00+05:30,966.9000244140625,968.9000244140625,961.4500122070312,965.0499877929688,5267233,0.0,0.0
2025-12-30 00:00:00+05:30,963.0,976.2000122070312,959.5,973.4500122070312,15030644,0.0,0.0
2025-12-31 00:00:00+05:30,975.25,985.6500244140625,973.5,982.2000122070312,5807630,0.0,0.0
2026-01-01 00:00:00+05:30,983.2000122070312,987.6500244140625,980.3499755859375,984.75,4328348,0.0,0.0
2026-01-02 00:00:00+05:30,984.5,1009.5,983.9500122070312,998.9500122070312,7357435,0.0,0.0
2026-01-05 00:00:00+05:30,1000.0,1015.5,1000.0,1005.5499877929688,11259060,0.0,0.0
2026-01-06 00:00:00+05:30,1007.9500122070312,1024.0,1004.9500122070312,1018.9000244140625,9575742,0.0,0.0
2026-01-07 00:00:00+05:30,1022.7000122070312,1022.7000122070312,1004.0,1007.1500244140625,7896720,0.0,0.0
2026-01-08 00:00:00+05:30,1006.5999755859375,1011.5999755859375,995.8499755859375,998.0,6854268,0.0,0.0
2026-01-09 00:00:00+05:30,996.0,1008.0,994.0,1000.5,7809460,0.0,0.0
2026-01-12 00:00:00+05:30,1008.0,1017.25,996.0,1015.1500244140625,7617922,0.0,0.0
2026-01-13 00:00:00+05:30,1022.7999877929688,1029.5,1016.0,1028.449951171875,11016895,0.0,0.0
2026-01-14 00:00:00+05:30,1030.0,1030.4000244140625,1020.5,1028.3499755859375,7370514,0.0,0.0
2026-01-15 00:00:00+05:30,1028.3499755859375,1028.3499755859375,1028.3499755859375,1028.3499755859375,0,0.0,0.0
2026-01-16 00:00:00+05:30,1032.0,1047.449951171875,1028.4000244140625,1042.300048828125,11051580,0.0,0.0
2026-01-19 00:00:00+05:30,1035.0,1043.5999755859375,1034.0,1038.4000244140625,5460164,0.0,0.0
2026-01-20 00:00:00+05:30,1039.75,1052.0,1033.050048828125,1036.4000244140625,8905718,0.0,0.0
2026-01-21 00:00:00+05:30,1032.0,1040.5999755859375,1022.0,1028.6500244140625,7408949,0.0,0.0
2026-01-22 00:00:00+05:30,1035.0,1055.5,1034.050048828125,1048.3499755859375,12001641,0.0,0.0
2026-01-23 00:00:00+05:30,1051.9000244140625,1053.0,1025.5999755859375,1029.5,10917698,0.0,0.0
2026-01-27 00:00:00+05:30,1034.0999755859375,1055.0,1030.25,1053.1500244140625,14420630,0.0,0.0
2026-01-28 00:00:00+05:30,1059.4000244140625,1065.5999755859375,1044.1500244140625,1063.5,12171257,0.0,0.0
2026-01-29 00:00:00+05:30,1063.0,1075.0,1060.300048828125,1066.199951171875,14800724,0.0,0.0
2026-01-30 00:00:00+05:30,1064.0,1082.5,1060.4000244140625,1077.1500244140625,9480769,0.0,0.0
2026-02-02 00:00:00+05:30,1019.9000244140625,1031.300048828125,990.0,1028.699951171875,14434549,0.0,0.0
2026-02-03 00:00:00+05:30,1087.0,1089.800048828125,1040.300048828125,1064.199951171875,16129381,0.0,0.0
2026-02-04 00:00:00+05:30,1064.199951171875,1073.9000244140625,1056.300048828125,1068.199951171875,7312276,0.0,0.0
2026-02-05 00:00:00+05:30,1068.199951171875,1081.0,1067.5,1073.5,9551567,0.0,0.0
2026-02-06 00:00:00+05:30,1070.0,1073.5999755859375,1051.0,1066.4000244140625,7041557,0.0,0.0
2026-02-09 00:00:00+05:30,1120.0,1150.0,1100.5,1146.0,40852966,0.0,0.0
2026-02-10 00:00:00+05:30,1151.0,1154.0,1138.0999755859375,1144.0999755859375,17280036,0.0,0.0
2026-02-11 00:00:00+05:30,1144.699951171875,1187.5,1142.800048828125,1182.9000244140625,29491859,0.0,0.0
2026-02-12 00:00:00+05:30,1183.0,1203.699951171875,1174.800048828125,1192.4000244140625,33214985,0.0,0.0
2026-02-13 00:00:00+05:30,1189.0,1201.0,1184.5,1198.5999755859375,18141390,0.0,0.0
2026-02-16 00:00:00+05:30,1194.0,1212.300048828125,1185.300048828125,1208.0999755859375,14972739,0.0,0.0
2026-02-17 00:00:00+05:30,1206.0999755859375,1225.5,1204.0999755859375,1213.4000244140625,20107196,0.0,0.0
2026-02-18 00:00:00+05:30,1218.800048828125,1224.0999755859375,1214.0,1218.9000244140625,10417264,0.0,0.0
2026-02-19 00:00:00+05:30,1222.9000244140625,1224.9000244140625,1199.199951171875,1205.699951171875,9630899,0.0,0.0
2026-02-20 00:00:00+05:30,1206.199951171875,1218.0,1201.800048828125,1216.0999755859375,9958162,0.0,0.0
2026-02-23 00:00:00+05:30,1222.0,1231.0999755859375,1217.0999755859375,1227.800048828125,9733835,0.0,0.0
2026-02-24 00:00:00+05:30,1232.0,1234.699951171875,1219.699951171875,1223.300048828125,15788449,0.0,0.0
2026-02-25 00:00:00+05:30,1228.0999755859375,1228.0999755859375,1197.5,1200.0999755859375,19581100,0.0,0.0
2026-02-26 00:00:00+05:30,1201.0,1215.4000244140625,1188.9000244140625,1209.5,16196052,0.0,0.0
2026-02-27 00:00:00+05:30,1207.0,1211.800048828125,1198.5999755859375,1201.699951171875,10700355,0.0,0.0
